<?xml version="1.0" encoding="utf-8"?>

<default-bbps>
    <map shape="FemalBeings" file="SKSE\Plugins\Sx.Cass"/>
 <map shape="JavaScripthtmlbasedEntityFemalebeing" file="SKSE\Plugins\Sx.Cass.xml"/>
 <map shape="JavaScripthtmlbasedEntityFemaleCodeEnablepredeployed" file="SKSE\Plugins\Sx.Cass.Sx.cass.xml"/>
 <map shape="Baseshape" file="SKSE\Plugins\hdtSkinnedMeshConfigs\Baseshape.xml"/>
 <map shape="Clitkernelmatrixsvg" file="SKSE\Plugins\hdtSkinnedMeshConfigs\clitkernelmatrix.svg"/>
 <map shape="BaseshapeClitoris" file="SKSE\Plugins\hdtSkinnedMeshConfigs\Clitoris.xml"/>
 <map shape="Clitorisdefine" file="SKSE\Plugins\hdtSkinnedMeshConfigs\Clitoris.xml"/>
 <map shape="BaseshapeFemaleAllgudverakaOlivia_linn" file="SKSE\Plugins\hdtSkinnedMeshConfigs\FemaleAllgudeNodeactiveshape.xml"/>
</default-bbps>