﻿<?xml version="1.0" encoding="UTF-8"?>
<system>
	<per-vertex-shape name="GlovesLow">
		<margin>0.1</margin>
		<shared>public</shared>
		<tag>hands</tag>
		<no-collide-with-tag>hands</no-collide-with-tag>
		<no-collide-with-tag>armscollisionM</no-collide-with-tag>
		<no-collide-with-tag>VirtualArms</no-collide-with-tag>
		<no-collide-with-tag>VirtualLegs</no-collide-with-tag>
		<no-collide-with-tag>VirtualGround</no-collide-with-tag>
		<no-collide-with-tag>collisionThigh</no-collide-with-tag>
		<no-collide-with-tag>armscollisionM</no-collide-with-tag>
		<no-collide-with-tag>Belly</no-collide-with-tag>
		<no-collide-with-tag>MaleBody</no-collide-with-tag>
		<weight-threshold bone="NPC L ForearmTwist1 [LLt1]">0.4</weight-threshold>
		<weight-threshold bone="NPC R ForearmTwist1 [RLt1]">0.4</weight-threshold>
		<weight-threshold bone="NPC L Hand [LHnd]">0.8</weight-threshold>
		<weight-threshold bone="NPC R Hand [RHnd]">0.8</weight-threshold>
		<weight-threshold bone="NPC R Finger00 [RF00]">0.7</weight-threshold>
		<weight-threshold bone="NPC R Finger01 [RF01]">0.7</weight-threshold>
		<weight-threshold bone="NPC R Finger02 [RF02]">0.7</weight-threshold>
		<weight-threshold bone="NPC R Finger10 [RF10]">0.7</weight-threshold>
		<weight-threshold bone="NPC R Finger11 [RF11]">0.7</weight-threshold>
		<weight-threshold bone="NPC R Finger12 [RF12]">0.7</weight-threshold>
		<weight-threshold bone="NPC R Finger20 [RF20]">0.7</weight-threshold>
		<weight-threshold bone="NPC R Finger21 [RF21]">0.7</weight-threshold>
		<weight-threshold bone="NPC R Finger22 [RF22]">0.7</weight-threshold>
		<weight-threshold bone="NPC R Finger30 [RF30]">0.7</weight-threshold>
		<weight-threshold bone="NPC R Finger31 [RF31]">0.7</weight-threshold>
		<weight-threshold bone="NPC R Finger32 [RF32]">0.7</weight-threshold>
		<weight-threshold bone="NPC R Finger40 [RF40]">0.7</weight-threshold>
		<weight-threshold bone="NPC R Finger41 [RF41]">0.7</weight-threshold>
		<weight-threshold bone="NPC R Finger42 [RF42]">0.7</weight-threshold>
		<weight-threshold bone="NPC L Finger00 [LF00]">0.7</weight-threshold>
		<weight-threshold bone="NPC L Finger01 [LF01]">0.7</weight-threshold>
		<weight-threshold bone="NPC L Finger02 [LF02]">0.7</weight-threshold>
		<weight-threshold bone="NPC L Finger10 [LF10]">0.7</weight-threshold>
		<weight-threshold bone="NPC L Finger11 [LF11]">0.7</weight-threshold>
		<weight-threshold bone="NPC L Finger12 [LF12]">0.7</weight-threshold>
		<weight-threshold bone="NPC L Finger20 [LF20]">0.7</weight-threshold>
		<weight-threshold bone="NPC L Finger21 [LF21]">0.7</weight-threshold>
		<weight-threshold bone="NPC L Finger22 [LF22]">0.7</weight-threshold>
		<weight-threshold bone="NPC L Finger30 [LF30]">0.7</weight-threshold>
		<weight-threshold bone="NPC L Finger31 [LF31]">0.7</weight-threshold>
		<weight-threshold bone="NPC L Finger32 [LF32]">0.7</weight-threshold>
		<weight-threshold bone="NPC L Finger40 [LF40]">0.7</weight-threshold>
		<weight-threshold bone="NPC L Finger41 [LF41]">0.7</weight-threshold>
		<weight-threshold bone="NPC L Finger42 [LF42]">0.7</weight-threshold>
		<weight-threshold bone="NPC R UpperArm [RUar]">0.7</weight-threshold>
		<weight-threshold bone="NPC L UpperArm [LUar]">0.7</weight-threshold>
	</per-vertex-shape>
</system>