﻿<?xml version="1.0" encoding="UTF-8"?>
<system>

	<per-vertex-shape name="FemaleHead">
    <margin>0.2</margin>
	<shared>public</shared>
    <tag>Head</tag>
     <no-collide-with-tag>Head</no-collide-with-tag>	
	 <no-collide-with-tag>MaleHands</no-collide-with-tag>	
	 <no-collide-with-tag>Belly</no-collide-with-tag>		 
	 <no-collide-with-tag>armscoll</no-collide-with-tag>	 
	 <no-collide-with-tag>Genitals</no-collide-with-tag>	
	 <no-collide-with-tag>hands</no-collide-with-tag>	
	 <no-collide-with-tag>collisionHead</no-collide-with-tag>	
	<no-collide-with-tag>MaleBody</no-collide-with-tag>		
	</per-vertex-shape>	
	
</system>

