<?xml version="1.0" encoding="UTF-8"?>

<system>
  <per-triangle-shape name="FemaleHead">
    <margin>0.01</margin>
    <penetration>0.6</penetration>
	<shared>public</shared>
    <tag>hands</tag>
    <no-collide-with-tag>hands</no-collide-with-tag>
  </per-triangle-shape>

  <per-triangle-shape name="MaleHead">
    <margin>0.01</margin>
    <penetration>0.3</penetration>
	<shared>public</shared>
    <tag>hands</tag>
    <no-collide-with-tag>hands</no-collide-with-tag>
  </per-triangle-shape>
</system>