﻿<?xml version="1.0" encoding="UTF-8"?>
<system>
	<bone name="NPC Genitals01 [Gen01]">
		<mass>0</mass>
		<inertia x="2" y="2" z="2"/>
		<centerOfMassTransform>
			<basis x="0" y="0" z="0" w="1"/>
			<origin x="0" y="0" z="0"/>
		</centerOfMassTransform>
		<linearDamping>0</linearDamping>
		<angularDamping>0</angularDamping>
		<friction>0</friction>
		<rollingFriction>0</rollingFriction>
		<restitution>0</restitution>
	</bone>
	<bone name="NPC Genitals02 [Gen02]">
		<mass>0</mass>
		<inertia x="3" y="3" z="3"/>
		<centerOfMassTransform>
			<basis x="0" y="0" z="0" w="1"/>
			<origin x="0" y="0" z="0"/>
		</centerOfMassTransform>
		<linearDamping>0</linearDamping>
		<angularDamping>0</angularDamping>
		<friction>0</friction>
		<rollingFriction>0</rollingFriction>
		<restitution>0</restitution>
	</bone>
	<bone name="NPC Genitals03 [Gen03]">
		<mass>0</mass>
		<inertia x="4" y="4" z="4"/>
		<centerOfMassTransform>
			<basis x="0" y="0" z="0" w="1"/>
			<origin x="0" y="0" z="0"/>
		</centerOfMassTransform>
		<linearDamping>0</linearDamping>
		<angularDamping>0</angularDamping>
		<friction>0</friction>
		<rollingFriction>0</rollingFriction>
		<restitution>0</restitution>
	</bone>
	<bone name="NPC Genitals04 [Gen04]">
		<mass>0</mass>
		<inertia x="4" y="4" z="4"/>
		<centerOfMassTransform>
			<basis x="0" y="0" z="0" w="1"/>
			<origin x="0" y="0" z="0"/>
		</centerOfMassTransform>
		<linearDamping>0</linearDamping>
		<angularDamping>0</angularDamping>
		<friction>0</friction>
		<rollingFriction>0</rollingFriction>
		<restitution>0</restitution>
	</bone>
	<bone name="NPC Genitals05 [Gen05]">
		<mass>0</mass>
		<inertia x="5" y="5" z="5"/>
		<centerOfMassTransform>
			<basis x="0" y="0" z="0" w="1"/>
			<origin x="0" y="0" z="0"/>
		</centerOfMassTransform>
		<linearDamping>0</linearDamping>
		<angularDamping>0</angularDamping>
		<friction>0</friction>
		<rollingFriction>0</rollingFriction>
		<restitution>0</restitution>
	</bone>
	<bone name="NPC Genitals06 [Gen06]">
		<mass>0</mass>
		<inertia x="5" y="5" z="5"/>
		<centerOfMassTransform>
			<basis x="0" y="0" z="0" w="1"/>
			<origin x="0" y="0" z="0"/>
		</centerOfMassTransform>
		<linearDamping>0</linearDamping>
		<angularDamping>0</angularDamping>
		<friction>0</friction>
		<rollingFriction>0</rollingFriction>
		<restitution>0</restitution>
	</bone>
	<bone name="NPC GenitalsBase [GenBase]">
		<mass>0</mass>
		<inertia x="0" y="0" z="0"/>
		<centerOfMassTransform>
			<basis x="0" y="0" z="0" w="1"/>
			<origin x="0" y="0" z="0"/>
		</centerOfMassTransform>
		<linearDamping>0</linearDamping>
		<angularDamping>0</angularDamping>
		<friction>0</friction>
		<rollingFriction>0</rollingFriction>
		<restitution>0</restitution>
	</bone>
	<bone name="NPC GenitalsScrotum [GenScrot]">
		<mass>0.1000</mass>
		<inertia x="1" y="1" z="1"/>
		<centerOfMassTransform>
			<basis x="0" y="0" z="0" w="1"/>
			<origin x="0" y="0" z="0"/>
		</centerOfMassTransform>
		<linearDamping>0</linearDamping>
		<angularDamping>0</angularDamping>
		<friction>0</friction>
		<rollingFriction>0</rollingFriction>
		<restitution>0</restitution>
	</bone>
	<generic-constraint bodyA="NPC GenitalsScrotum [GenScrot]" bodyB="NPC GenitalsBase [GenBase]">
		<frameInB>
			<basis x="0" y="0" z="0" w="1"/>
			<origin x="0" y="0" z="0"/>
		</frameInB>
		<useLinearReferenceFrameA>false</useLinearReferenceFrameA>
		<linearLowerLimit x="-1" y="-1" z="-1"/>
		<linearUpperLimit x="1" y="1" z="1"/>
		<angularLowerLimit x="-0.8" y="-0.1" z="0"/>
		<angularUpperLimit x="0.8" y="0.1" z="0"/>
		<linearStiffness x="50" y="50" z="90"/>
		<angularStiffness x="40" y="40" z="40"/>
		<linearDamping x="2" y="2" z="2"/>
		<angularDamping x="3" y="3" z="3"/>
		<linearEquilibrium x="0" y="0" z="0"/>
		<angularEquilibrium x="0" y="0" z="0"/>
	</generic-constraint>
	<per-vertex-shape name="MaleGenitals">
		<margin>0.12</margin>
		<tag>Genitals</tag>
		<no-collide-with-tag>penis</no-collide-with-tag>
		<no-collide-with-tag>VirtualArms</no-collide-with-tag>
		<no-collide-with-tag>VirtualLegs</no-collide-with-tag>
		<no-collide-with-tag>Genitals</no-collide-with-tag>
		<no-collide-with-tag>armscoll</no-collide-with-tag>
		<no-collide-with-tag>hands</no-collide-with-tag>
		<no-collide-with-tag>MaleHands</no-collide-with-tag>
		<no-collide-with-tag>Malehands</no-collide-with-tag>
		<no-collide-with-tag>MaleBody</no-collide-with-tag>
		<no-collide-with-tag>collisionThigh</no-collide-with-tag>
		<weight-threshold bone="NPC GenitalsScrotum [GenScrot]">2.0</weight-threshold>
		<weight-threshold bone="NPC GenitalsBase [GenBase]">2.0</weight-threshold>
	</per-vertex-shape>
</system>
