<?xml version="1.0" encoding="UTF-8"?>
<system>
	<per-triangle-shape name="MaleHead">
		<margin>0.1</margin>
		<penetration>0.1</penetration>
		<shared>public</shared>
		<tag>head</tag>
		<no-collide-with-tag>head</no-collide-with-tag>
		<no-collide-with-tag>hands</no-collide-with-tag>
		<no-collide-with-tag>feet</no-collide-with-tag>
		<no-collide-with-tag>VirtualArms</no-collide-with-tag>
		<no-collide-with-tag>VirtualLegs</no-collide-with-tag>
		<no-collide-with-tag>VirtualGround</no-collide-with-tag>
		<no-collide-with-tag>collisionThigh</no-collide-with-tag>
		<no-collide-with-tag>armscollisionM</no-collide-with-tag>
		<no-collide-with-tag>Belly</no-collide-with-tag>
		<no-collide-with-tag>armscoll</no-collide-with-tag>
		<no-collide-with-tag>MaleBody</no-collide-with-tag>
	</per-triangle-shape>
</system>
