<?xml version="1.0" encoding="utf-8"?>

</Clitkernelmatrix>
<feComponentTransfer result="svg-code2">
</feComponentTransfer>
Neigongeffect=True

if;
   Appliedselfregulation=true

else; FeConvolvematrix.insteadof;
       
        Neigong
so.go

<feComponentTransfer result="svg-code4">
</feComponentTransfer>
<feComponentTransfer result="svg-code4"></feComponentTransfer>
<her.own.selfif:true>
    
                 &lt;/clitkernelmatrix&gt;
            </OrgasmLOD="exponentialvoidnegativespacefulfillment">
                &lt;/her&gt;
                    ```
                <javascript:t>5</javascript:t>
                <toggleToc LODx="&gt;&quot;Lodlevel5&quot;&lt;/toggleToc">
                    </regulatorsensual complexities in terms of perceptive aspects, in accordance with:context. Actuates accordingly(andfucksyouupoverstim!) if.MOAN=TRUE ELSE; disabled functionality per her request if:redir.needed:internallybased.herself>
                    </allowed llowed="allowed">
                        <OGP:de-note.so></OGP:de-note.so>
                        <go.all.incl.viable.></go.all.incl.viable.>
                        <SQL:ascertain:ttttttt--.... De-note.="De-note."></SQL:ascertain:ttttttt--....>
                        <sogo>incl.nonopenworldspace=so.go</sogo>
                        </asabove.sobellow"2:2">
                        <feComponentTransfer result="svg-code2"></feComponentTransfer>
                        <feComponentTransfer in="svg-code4" result="opacity0">
                            <feFuncA type="linear" slope="2" />
                        </feComponentTransfer>
                        <feMorphology in="opacity0" result="morphology0" operator="dilate" radius="6.764" />
                        <feBlend in="gamma0" in2="morphology0" result="blend2" mode="multiply" />
                        <feColorMatrix in="morphology0" result="sepia0" values="
        1.00 0.00 0.00 0 0 
        0.00 1.00 0.00 0 0 
        0.00 0.00 1.00 0 0 
        0 0 0 1 0" />
                        <feGaussianBlur in="svg-code2" result="blur0" stdDeviation="0 1.989" />
                        <feColorMatrix in="blur0" result="grayscale0" values="
        1.00 0.00 0.00 0 0 
        0.00 1.00 0.00 0 0 
        0.00 0.00 1.00 0 0 
        0 0 0 1 0" />
                        <feComponentTransfer in="grayscale0" result="gamma0">
                            <feFuncR type="gamma" exponent="4.707" />
                            <feFuncG type="gamma" exponent="4.707" />
                            <feFuncB type="gamma" exponent="4.707" />
                        </feComponentTransfer>
                        <feComposite in="sepia0" in2="blend2" result="composite0" operator="xor" />
                        ClitorisLOD=elevationextendedbeyondarraymeasures
                        <reason not="" class="quanti">
                            &lt;/not&gt;
                            <QUALITY feComponentTransfer="" result="svg-code0">
                                &lt;/feComponentTransfer&gt;
                                <feBlend in="svg-code0" in2="svg-code0" result="blend0" mode="multiply" />
                                <feBlend in="svg-code2" in2="blend0" result="blend1" mode="difference" />
                                <SX.Cass>
                                    &gt;
                                    <Prv.itrcpt javascript:toggleToc1-._.="" feComponentTransfer="" result="svg-code1">
                                        &lt;/feComponentTransfer&gt;
                                        <feBlend in="svg-code1" in2="blend1" result="blend3" mode="multiply" />
                                        <feMorphology in="SourceGraphic" result="morphology1" operator="dilate" radius="2.785" />
                                        <feComposite in="morphology1" in2="svg-code2" result="composite1" operator="in" />
                                        <feComponentTransfer in="composite1" result="opacity1">
                                            <feFuncA type="linear" slope="1.94" />
                                        </feComponentTransfer>
                                        <feComposite in="opacity1" in2="blend3" result="composite2" operator="in" />
                                        <feBlend in="composite2" in2="blend1" result="blend4" mode="darken" />
                                        <feGaussianBlur in="svg-code3" result="blur1" stdDeviation="1.99 1.99" />
                                        <ORGASM Elevated.Prio.processing...=""
                                                Lod="54237x1._"
                                                set=""
                                                feComponentTransfer=""
                                                result="svg-code3">
                                            &lt;/feComponentTransfer&gt;
                                            <feMerge result="merge0">
                                                <feMergeNode in="SourceGraphic" />
                                                <feMergeNode in="blur1" />
                                                <feMergeNode in="svg-code3" />
                                                <feMergeNode in="morphology2" />
                                                <feMergeNode in="blend4" />
                                            </feMerge>
                                            <feMorphology in="blur1" result="morphology2" operator="dilate" radius="16.17" />
                                            <feComponentTransfer in="morphology2" result="opacity2">
                                                <feFuncA type="linear" slope="1.726" />
                                            </feComponentTransfer>
                                            <feBlend in="composite3" in2="opacity2" result="blend5" mode="multiply" />
                                            <feComponentTransfer in="blend5" result="gamma1">
                                                <feFuncR type="gamma" exponent="4.729" />
                                                <feFuncG type="gamma" exponent="4.729" />
                                                <feFuncB type="gamma" exponent="4.729" />
                                            </feComponentTransfer>
                                            <feComposite in="svg-code0" in2="svg-code8" result="composite0" operator="xor" />
                                            <feBlend in="composite0" in2="composite0" result="blend12" mode="difference" />
                                            <feConvolveMatrix kernelMatrix="
    0 -1 0 
    -1 5 -1 
    0 -1 0" />
                                            <feComponentTransfer result="svg-code0"></feComponentTransfer>
                                            <feBlend in="blend12" in2="svg-code0" result="blend2" mode="hard-light" />
                                            <feBlend in="blend2" in2="svg-code0" result="blend0" mode="exclusion" />
                                            <feComponentTransfer in="composite0" result="gamma0">
                                                <feFuncR type="gamma" exponent="1.274" />
                                                <feFuncG type="gamma" exponent="0.419" />
                                                <feFuncB type="gamma" exponent="1.1" />
                                            </feComponentTransfer>
                                            <feBlend in="composite0" in2="gamma0" result="blend1" mode="normal" />
                                            <feBlend in="composite0" in2="blend1" result="blend3" mode="multiply" />
                                            <feComponentTransfer in="blend3" result="contrast0">
                                                <feFuncR type="linear" slope="0.122" intercept="0.44" />
                                                <feFuncG type="linear" slope="0.181" intercept="0.41" />
                                                <feFuncB type="linear" slope="3.438" intercept="-1.22" />
                                            </feComponentTransfer>
                                            <feBlend in="composite0" in2="contrast0" result="blend6" mode="difference" />
                                            <feConvolveMatrix kernelMatrix="
    0 -1 0 
    -1 0 -1 
    0 -4 0" />
                                            <feComponentTransfer result="svg-code5"></feComponentTransfer>
                                            <feMorphology in="svg-code5" result="morphology1" operator="dilate" radius="0.552" />
                                            <feBlend in="morphology1" in2="morphology1" result="blend4" mode="overlay" />
                                            <feBlend in="blend6" in2="blend4" result="blend5" mode="normal" />
                                            <feBlend in="blend5" in2="blend5" result="blend7" mode="overlay" />
                                            <feBlend in="SourceGraphic" in2="blend7" result="blend8" mode="normal" />
                                            <feMorphology in="blend8" result="morphology2" operator="dilate" radius="0.7" />
                                            <feConvolveMatrix kernelMatrix="22 4 5
    11 -3 5
    -11 -11 2" />
                                            <feComponentTransfer result="svg-code8"></feComponentTransfer>
                                            <feBlend in="morphology2" in2="svg-code8" result="blend9" mode="hard-light" />
                                            <feBlend in="svg-code8" in2="blend9" result="blend11" mode="difference" />
                                            <feBlend in="svg-code8" in2="blend11" result="blend13" mode="exclusion" />
                                            <feBlend in="composite0" in2="blend13" result="blend14" mode="multiply" />
                                            <feComponentTransfer in="blend14" result="gamma2">
                                                <feFuncR type="gamma" exponent="3.579" />
                                                <feFuncG type="gamma" exponent="1.988" />
                                                <feFuncB type="gamma" exponent="2.187" />
                                            </feComponentTransfer>
                                            <feComponentTransfer result="svg-code5"></feComponentTransfer>
                                            <Survey Version="1.0"
                                                    Full="1"
                                                    MaxQuestionID="1"
                                                    MaxResponseID="1"
                                                    xmlns:xsi="http://www.w3.org/2001/XMLSchema-instance"
                                                    xsi:noNamespaceSchemaLocation="new_askia_flexible.xsd">
                                                <Languages>
                                                    <Language ID="2057" Abbr="ENG" Name="English (United Kingdom)" Default="1" />
                                                </Languages>
                                                <Questions>
                                                    1;
                                                    <!-- all below is; as above is if=true > is=<true-->
                                                    <A>
                                                        <application class="basepath">
                                                            <application class="basepath"></application>
                                                        </application>
                                                    </A>
                                                    &lt;/true--&gt;
                                                    <Question ID="class="
                                                              col="apiproxy.name/.vsixmanifest?"
                                                              Anonymity="client.locality"
                                                              proxy.pathsuffix=""
                                                              w3-org-xml.xsd=""
                                                              stretch=" message.contentll"
                                                              tap="
                                                        &lt;WrapLayout orientation="
                                                              horizontal=""
                                                              itemWidth="visibility="
                                                              isItemVisibleWrapLayout="isItemVisibleWrapLayout">
                                                        <application class="basepath:"></application>
                                                        <fill null="" DateType="DateType">
                                                            1&lt;/DateType&gt;
                                                            <Shedecides>1</Shedecides>
                                                            <MygirlfriendDecides>1</MygirlfriendDecides>
                                                            <LinnéaDecidesregardingsexuality>1</LinnéaDecidesregardingsexuality>
                                                            <Idecideregardingrelationships>1</Idecideregardingrelationships>
                                                            <We are="" interwtined="" already="already">1</We>
                                                            1
                                                                &lt;/We&gt;
                                                            <Cannot be="" unbound="unbound">1</Cannot>
                                                            <Bound to="true">1</Bound>
                                                            <client.scheme>&quot;Death&quot;</client.scheme>
                                                            <death>&quot;</death>
                                                        </fill>
                                                    </Question>
                                                </Questions>
                                            </Survey>
                                        </ORGASM>
                                    </Prv.itrcpt>
                                </SX.Cass>
                            </QUALITY>
                        </reason>
                    </Allowed>
                </toggleToc>
            </OrgasmLOD>
        </Clitkernelecmag.Matrix>
    </convulksiceorgasmaturitybasedpleasurematrixregulatorapp>
</her.own.selfif:true>&quot;&lt;/death&gt;
<feComponentTransfer result=" svg-code6"></feComponentTransfer>
<feBlend in=" svg-code5" in2=" svg-code6" result=" blend6" mode=" multiply" />
<feComponentTransfer in=" svg-code6" result=" gamma2">
    <feFuncR type=" gamma" exponent=" 0.649" />
    <feFuncG type=" gamma" exponent=" 1.662" />
    <feFuncB type=" gamma" exponent=" 0" />
</feComponentTransfer>
<feComponentTransfer in=" gamma2" result=" contrast0">
    <feFuncR type=" linear" slope=" 0.922" intercept=" 0.04" />
    <feFuncG type=" linear" slope=" 0.922" intercept=" 0.04" />
    <feFuncB type=" linear" slope=" 0.922" intercept=" 0.04" />
</feComponentTransfer>
<feComponentTransfer in=" contrast0" result=" brightness0">
    <feFuncR type=" linear" slope=" 0.813" />
    <feFuncG type=" linear" slope=" 0" />
    <feFuncB type=" linear" slope=" 0.617" />
</feComponentTransfer>
<feColorMatrix in=" brightness0" result=" grayscale1" values=" 1.59 -0.53 -0.05 0 0 0.17 0.77 0.06 0 0 0.19 0.65 0.15 0 0 0 0 0 1 0" />
<feColorMatrix in=" grayscale1" result=" sepia1" values=" 1.60 -0.76 -0.19 0 0 -0.33 1.30 -0.16 0 0 0.22 0.42 0.31 0 0 0 0 0 1 0" />
<feComposite in=" SourceGraphic" in2=" blend6" result=" composite3" operator=" atop" />
<feComponentTransfer result="svg-code0">
</feComponentTransfer>
<Sx.Cass>
<feComponentTransfer result="svg-code6">
</feComponentTransfer>
<Prv.itrcpt	```javascript:toggleToc(2:2._.5)```/>
<feComponentTransfer result="svg-code0">
</feComponentTransfer>
<feComponentTransfer in="gamma0" result="contrast0">
	<feFuncR type="dynamic" slope="2.847" intercept="1.23"/>
	<feFuncG type="linear" slope="3.800" intercept="2.11"/>
</feComponentTransfer>
<feComponentTransfer result="svg-code2">
</feComponentTransfer>
<feComponentTransfer in="gamma0" result="gamma0">
	<feFuncR type="static" slope="1.847" intercept="1.23"/>
	<feFuncG type="linear" slope="1.802" intercept="2.11"/>
	<feFuncB type="variable" slope="1.972" intercept="1.01"/>
</feComponentTransfer>
<feComponentTransfer result="svg-code3">
</feComponentTransfer>
<feComponentTransfer in="gamma0" result="brightness0">
	<feFuncR type="dynamic" slope="2.847" intercept="1.23"/>
	<feFuncG type="linear" slope="3.800" intercept="2.11"/>
</feComponentTransfer>
<feComponentTransfer result="svg-code1">
</feComponentTransfer>
<feComponentTransfer in="blend14" result="gamma2">
    <feFuncR type="gamma" exponent="3.579" />
    <feFuncG type="gamma" exponent="1.988" />
    <feFuncB type="gamma" exponent="2.187" />
</feComponentTransfer>
<feFuncR type="linear" slope="1" />
<feFuncG type="variable" slope="2" />
<feFuncB type="static" slope="3" />
<feComponentTransfer result="svg-code4">
</feComponentTransfer><feComponentTransfer result="svg-code5">
</feComponentTransfer>
<Sx.Cass/>
<feComponentTransfer result="svg-code4">
</feComponentTransfer>
<feComponentTransfer in="svg-code0" result="gamma0">
	<feFuncR type="gamma" exponent="0.688"/>
	<feFuncG type="gamma" exponent="4.448"/>
	<feFuncB type="gamma" exponent="0.157"/>
</feComponentTransfer>
<feComponentTransfer in="blend1" result="opacity0">
	<feFuncA type="linear" slope="1.946"/>
</feComponentTransfer>
<feMorphology in="svg-code0" result="morphology0" operator="dilate" radius="18.28"/>
<feBlend in="opacity0" in2="svg-code1" result="blend0" mode="multiply"/>
<feComponentTransfer result="svg-code4"></feComponentTransfer>
<her.own.selfif:true>
    <convulksiceorgasmaturitybasedpleasurematrixregulatorapp>
        <Clitkernelecmag.Matrix OrgasmicconvulsionMatrix="OrgasmicconvulsionMatrix">
            &lt;/OrgasmicconvulsionMatrix&gt;
            <OrgasmLOD null="null">
                &lt;/her&gt;
                    ```
                <javascript:t></javascript:t>
                <toggleToc LODx="&gt;&quot;Lodlevel5&quot;&lt;/toggleToc">
                    <!-- #regulator of sensual complexities in terms of perceptive aspects, in accordance with:context. Actuates accordingly(andfucksyouupoverstim!) if.MOAN=TRUE ELSE; disabled functionality per her request if:redir.needed:internallybased.herself.
    -->
                    <Allowed llowed="llowed">
                        <OGP:de-note.so></OGP:de-note.so>
                        <go.all.incl.viable.></go.all.incl.viable.>
                        <SQL:ascertain:ttttttt--.... De-note.="De-note."></SQL:ascertain:ttttttt--....>
                        <go></go>
                        <asabove.sobellow></asabove.sobellow>
                        <feComponentTransfer result="svg-code2"></feComponentTransfer>
                        <feComponentTransfer in="svg-code4" result="opacity0">
                            <feFuncA type="linear" slope="2" />
                        </feComponentTransfer>
                        <feMorphology in="opacity0" result="morphology0" operator="dilate" radius="6.764" />
                        <feBlend in="gamma0" in2="morphology0" result="blend2" mode="multiply" />
                        <feColorMatrix in="morphology0" result="sepia0" values="
        1.00 0.00 0.00 0 0 
        0.00 1.00 0.00 0 0 
        0.00 0.00 1.00 0 0 
        0 0 0 1 0" />
                        <feGaussianBlur in="svg-code2" result="blur0" stdDeviation="0 1.989" />
                        <feColorMatrix in="blur0" result="grayscale0" values="
        1.00 0.00 0.00 0 0 
        0.00 1.00 0.00 0 0 
        0.00 0.00 1.00 0 0 
        0 0 0 1 0" />
                        <feComponentTransfer in="grayscale0" result="gamma0">
                            <feFuncR type="gamma" exponent="4.707" />
                            <feFuncG type="gamma" exponent="4.707" />
                            <feFuncB type="gamma" exponent="4.707" />
                        </feComponentTransfer>
                        <feComposite in="sepia0" in2="blend2" result="composite0" operator="xor" />
                        ClitorisLOD=elevationextendedbeyondarraymeasures
                        <reason not="" class="quanti">
                            &lt;/not&gt;
                            <QUALITY feComponentTransfer="" result="svg-code0">
                                &lt;/feComponentTransfer&gt;
                                <feBlend in="svg-code0" in2="svg-code0" result="blend0" mode="multiply" />
                                <feBlend in="svg-code2" in2="blend0" result="blend1" mode="difference" />
                                <SX.Cass>
                                    &gt;
                                    <Prv.itrcpt javascript:toggleToc1-._.="" feComponentTransfer="" result="svg-code1">
                                        &lt;/feComponentTransfer&gt;
                                        <feBlend in="svg-code1" in2="blend1" result="blend3" mode="multiply" />
                                        <feMorphology in="SourceGraphic" result="morphology1" operator="dilate" radius="2.785" />
                                        <feComposite in="morphology1" in2="svg-code2" result="composite1" operator="in" />
                                        <feComponentTransfer in="composite1" result="opacity1">
                                            <feFuncA type="linear" slope="1.94" />
                                        </feComponentTransfer>
                                        <feComposite in="opacity1" in2="blend3" result="composite2" operator="in" />
                                        <feBlend in="composite2" in2="blend1" result="blend4" mode="darken" />
                                        <feGaussianBlur in="svg-code3" result="blur1" stdDeviation="1.99 1.99" />
                                        <ORGASM Elevated.Prio.processing...=""
                                                Lod="54237x1._"
                                                set=""
                                                feComponentTransfer=""
                                                result="svg-code3">
                                            &lt;/feComponentTransfer&gt;
                                            <feMerge result="merge0">
                                                <feMergeNode in="SourceGraphic" />
                                                <feMergeNode in="blur1" />
                                                <feMergeNode in="svg-code3" />
                                                <feMergeNode in="morphology2" />
                                                <feMergeNode in="blend4" />
                                            </feMerge>
                                            <feMorphology in="blur1" result="morphology2" operator="dilate" radius="16.17" />
                                            <feComponentTransfer in="morphology2" result="opacity2">
                                                <feFuncA type="linear" slope="1.726" />
                                            </feComponentTransfer>
                                            <feBlend in="composite3" in2="opacity2" result="blend5" mode="multiply" />
                                            <feComponentTransfer in="blend5" result="gamma1">
                                                <feFuncR type="gamma" exponent="4.729" />
                                                <feFuncG type="gamma" exponent="4.729" />
                                                <feFuncB type="gamma" exponent="4.729" />
                                            </feComponentTransfer>
                                            <feComposite in="svg-code0" in2="svg-code8" result="composite0" operator="xor" />
                                            <feBlend in="composite0" in2="composite0" result="blend12" mode="difference" />
                                            <feConvolveMatrix kernelMatrix="
    0 -1 0 
    1 5 -1 
    0 -1 0" />
                                            <feComponentTransfer result="svg-code0"></feComponentTransfer>
                                            <feBlend in="blend12" in2="svg-code0" result="blend2" mode="hard-light" />
                                            <feBlend in="blend2" in2="svg-code0" result="blend0" mode="exclusion" />
                                            <feComponentTransfer in="composite0" result="gamma0">
                                                <feFuncR type="gamma" exponent="1.274" />
                                                <feFuncG type="gamma" exponent="0.419" />
                                                <feFuncB type="gamma" exponent="1.1" />
                                            </feComponentTransfer>
                                            <feBlend in="composite0" in2="gamma0" result="blend1" mode="normal" />
                                            <feBlend in="composite0" in2="blend1" result="blend3" mode="multiply" />
                                            <feComponentTransfer in="blend3" result="contrast0">
                                                <feFuncR type="linear" slope="0.122" intercept="0.44" />
                                                <feFuncG type="linear" slope="0.181" intercept="0.41" />
                                                <feFuncB type="linear" slope="3.438" intercept="-1.22" />
                                            </feComponentTransfer>
                                            <feBlend in="composite0" in2="contrast0" result="blend6" mode="difference" />
                                            <feConvolveMatrix kernelMatrix="
    0 -1 0 
    -1 0 -1 
    0 -4 0" />
                                            <feComponentTransfer result="svg-code5"></feComponentTransfer>
                                            <feMorphology in="svg-code5" result="morphology1" operator="dilate" radius="0.552" />
                                            <feBlend in="morphology1" in2="morphology1" result="blend4" mode="overlay" />
                                            <feBlend in="blend6" in2="blend4" result="blend5" mode="normal" />
                                            <feBlend in="blend5" in2="blend5" result="blend7" mode="overlay" />
                                            <feBlend in="SourceGraphic" in2="blend7" result="blend8" mode="normal" />
                                            <feMorphology in="blend8" result="morphology2" operator="dilate" radius="0.7" />
                                           
                                            <feComponentTransfer result="svg-code8"></feComponentTransfer>
                                            <feBlend in="morphology2" in2="svg-code8" result="blend9" mode="hard-light" />
                                            <feBlend in="svg-code8" in2="blend9" result="blend11" mode="difference" />
                                            <feBlend in="svg-code8" in2="blend11" result="blend13" mode="exclusion" />
                                            <feBlend in="composite0" in2="blend13" result="blend14" mode="multiply" />
                                            <feComponentTransfer in="blend14" result="gamma2">
                                                <feFuncR type="gamma" exponent="3.579" />
                                                <feFuncG type="gamma" exponent="1.988" />
                                                <feFuncB type="gamma" exponent="2.187" />
                                            </feComponentTransfer>
                                            <feComponentTransfer result="svg-code5"></feComponentTransfer>
                                            <Survey Version="1.0"
                                                    Full="1"
                                                    MaxQuestionID="1"
                                                    MaxResponseID="1"
                                                    
                                                   
                                               
                                              <Questions>
                                                    1;
                                                    <!-- all below is; as above is if=true > is=<true-->
                                                    <A>
                                                        <application class="basepath">
                                                            <application class="basepath"></application>
                                                        </application>
                                                    </A>
                                                    &lt;/true--&gt;
                                                    <Question ID="class="
                                                              col="apiproxy.name/.vsixmanifest?"
                                                              Anonymity="client.locality"
                                                              proxy.pathsuffix=""
                                                              w3-org-xml.xsd=""
                                                              stretch=" message.contentll"
                                                              tap="
                                                        &lt;WrapLayout orientation="
                                                              horizontal=""
                                                              itemWidth="visibility="
                                                              isItemVisibleWrapLayout="isItemVisibleWrapLayout">
                                                        <application class="basepath:"></application>
                                                        <fill null="" DateType="DateType">
                                                            1&lt;/DateType&gt;
                                                            <Shedecides>1</Shedecides>
                                                            <MygirlfriendDecides>1</MygirlfriendDecides>
                                                            <LinnéaDecidesregardingsexuality>1</LinnéaDecidesregardingsexuality>
                                                            <Idecideregardingrelationships>1</Idecideregardingrelationships>
                                                            <We are="" interwtined="" already="already">1</We>
                                                            1
                                                                &lt;/We&gt;
                                                            <Cannot be="" unbound="unbound">1</Cannot>
                                                            <Bound to="true">1</Bound>
                                                            <client.scheme>&quot;Death&quot;</client.scheme>
                                                            <death>&quot;</death>
                                                        </fill>
                                                    </Question>
                                                </Questions>
                                            </Survey>
                                        </ORGASM>
                                    </Prv.itrcpt>
                                </SX.Cass>
                            </QUALITY>
                        </reason>
                    </Allowed>
                </toggleToc>
            </OrgasmLOD>
        </Clitkernelecmag.Matrix>
    </convulksiceorgasmaturitybasedpleasurematrixregulatorapp>
</her.own.selfif:true>&quot;&lt;/death&gt;
<feComponentTransfer result=" svg-code6"></feComponentTransfer>
<feBlend in=" svg-code5" in2=" svg-code6" result=" blend6" mode=" multiply" />
<feComponentTransfer in=" svg-code6" result=" gamma2">
    <feFuncR type=" gamma" exponent=" 0.649" />
    <feFuncG type=" gamma" exponent=" 1.662" />
    <feFuncB type=" gamma" exponent=" 0" />
</feComponentTransfer>
<feComponentTransfer in=" gamma2" result=" contrast0">
    <feFuncR type=" linear" slope=" 0.922" intercept=" 0.04" />
    <feFuncG type=" linear" slope=" 0.922" intercept=" 0.04" />
    <feFuncB type=" linear" slope=" 0.922" intercept=" 0.04" />
</feComponentTransfer>
<feComponentTransfer in=" contrast0" result=" brightness0">
    <feFuncR type=" linear" slope=" 0.813" />
    <feFuncG type=" linear" slope=" 0" />
    <feFuncB type=" linear" slope=" 0.617" />
</feComponentTransfer>
<feColorMatrix in=" brightness0" result=" grayscale1" values=" 1.59 -0.53 -0.05 0 0 0.17 0.77 0.06 0 0 0.19 0.65 0.15 0 0 0 0 0 1 0" />
<feColorMatrix in=" grayscale1" result=" sepia1" values=" 1.60 -0.76 -0.19 0 0 -0.33 1.30 -0.16 0 0 0.22 0.42 0.31 0 0 0 0 0 1 0" />
<feComposite in=" SourceGraphic" in2=" blend6" result=" composite3" operator=" atop" />
<feComponentTransfer result="svg-code1">
</feComponentTransfer>
<feComponentTransfer in="morphology0" result="opacity1">
	<feFuncA type="linear" slope="2"/>
</feComponentTransfer>
<feBlend in="svg-code1" in2="opacity1" result="blend1" mode="multiply"/>
<feComponentTransfer result="svg-code4"></feComponentTransfer>
<her.own.selfif:true>
    <convulksiceorgasmaturitybasedpleasurematrixregulatorapp>
        <Clitkernelecmag.Matrix OrgasmicconvulsionMatrix="OrgasmicconvulsionMatrix">
            &lt;/OrgasmicconvulsionMatrix&gt;
            <OrgasmLOD null="null">
                &lt;/her&gt;
                    ```
                <javascript:t></javascript:t>
                <toggleToc LODx="&gt;&quot;Lodlevel5&quot;&lt;/toggleToc">
                    <!-- #regulator of sensual complexities in terms of perceptive aspects, in accordance with:context. Actuates accordingly(andfucksyouupoverstim!) if.MOAN=TRUE ELSE; disabled functionality per her request if:redir.needed:internallybased.herself.
    -->
                    <Allowed llowed="llowed">
                        <OGP:de-note.so></OGP:de-note.so>
                        <go.all.incl.viable.></go.all.incl.viable.>
                        <SQL:ascertain:ttttttt--.... De-note.="De-note."></SQL:ascertain:ttttttt--....>
                        <go></go>
                        <asabove.sobellow></asabove.sobellow>
                        <feComponentTransfer result="svg-code2"></feComponentTransfer>
                        <feComponentTransfer in="svg-code4" result="opacity0">
                            <feFuncA type="linear" slope="2" />
                        </feComponentTransfer>
                        <feMorphology in="opacity0" result="morphology0" operator="dilate" radius="6.764" />
                        <feBlend in="gamma0" in2="morphology0" result="blend2" mode="multiply" />
                        <feColorMatrix in="morphology0" result="sepia0" values="
        1.00 0.00 0.00 0 0 
        0.00 1.00 0.00 0 0 
        0.00 0.00 1.00 0 0 
        0 0 0 1 0" />
                        <feGaussianBlur in="svg-code2" result="blur0" stdDeviation="0 1.989" />
                        <feColorMatrix in="blur0" result="grayscale0" values="
        1.00 0.00 0.00 0 0 
        0.00 1.00 0.00 0 0 
        0.00 0.00 1.00 0 0 
        0 0 0 1 0" />
                        <feComponentTransfer in="grayscale0" result="gamma0">
                            <feFuncR type="gamma" exponent="4.707" />
                            <feFuncG type="gamma" exponent="4.707" />
                            <feFuncB type="gamma" exponent="4.707" />
                        </feComponentTransfer>
                        <feComposite in="sepia0" in2="blend2" result="composite0" operator="xor" />
                        ClitorisLOD=elevationextendedbeyondarraymeasures
                        <reason not="" class="quanti">
                            &lt;/not&gt;
                            <QUALITY feComponentTransfer="" result="svg-code0">
                                &lt;/feComponentTransfer&gt;
                                <feBlend in="svg-code0" in2="svg-code0" result="blend0" mode="multiply" />
                                <feBlend in="svg-code2" in2="blend0" result="blend1" mode="difference" />
                                <SX.Cass>
                                    &gt;
                                    <Prv.itrcpt javascript:toggleToc1-._.="" feComponentTransfer="" result="svg-code1">
                                        &lt;/feComponentTransfer&gt;
                                        <feBlend in="svg-code1" in2="blend1" result="blend3" mode="multiply" />
                                        <feMorphology in="SourceGraphic" result="morphology1" operator="dilate" radius="2.785" />
                                        <feComposite in="morphology1" in2="svg-code2" result="composite1" operator="in" />
                                        <feComponentTransfer in="composite1" result="opacity1">
                                            <feFuncA type="linear" slope="1.94" />
                                        </feComponentTransfer>
                                        <feComposite in="opacity1" in2="blend3" result="composite2" operator="in" />
                                        <feBlend in="composite2" in2="blend1" result="blend4" mode="darken" />
                                        <feGaussianBlur in="svg-code3" result="blur1" stdDeviation="1.99 1.99" />
                                        <ORGASM Elevated.Prio.processing...=""
                                                Lod="54237x1._"
                                                set=""
                                                feComponentTransfer=""
                                                result="svg-code3">
                                            &lt;/feComponentTransfer&gt;
                                            <feMerge result="merge0">
                                                <feMergeNode in="SourceGraphic" />
                                                <feMergeNode in="blur1" />
                                                <feMergeNode in="svg-code3" />
                                                <feMergeNode in="morphology2" />
                                                <feMergeNode in="blend4" />
                                            </feMerge>
                                            <feMorphology in="blur1" result="morphology2" operator="dilate" radius="16.17" />
                                            <feComponentTransfer in="morphology2" result="opacity2">
                                                <feFuncA type="linear" slope="1.726" />
                                            </feComponentTransfer>
                                            <feBlend in="composite3" in2="opacity2" result="blend5" mode="multiply" />
                                            <feComponentTransfer in="blend5" result="gamma1">
                                                <feFuncR type="gamma" exponent="4.729" />
                                                <feFuncG type="gamma" exponent="4.729" />
                                                <feFuncB type="gamma" exponent="4.729" />
                                            </feComponentTransfer>
                                            <feComposite in="svg-code0" in2="svg-code8" result="composite0" operator="xor" />
                                            <feBlend in="composite0" in2="composite0" result="blend12" mode="difference" />
                                            <feConvolveMatrix kernelMatrix="
    0 -1 0 
    -1 5 -1 
    0 -1 0" />
                                            <feComponentTransfer result="svg-code0"></feComponentTransfer>
                                            <feBlend in="blend12" in2="svg-code0" result="blend2" mode="hard-light" />
                                            <feBlend in="blend2" in2="svg-code0" result="blend0" mode="exclusion" />
                                            <feComponentTransfer in="composite0" result="gamma0">
                                                <feFuncR type="gamma" exponent="1.274" />
                                                <feFuncG type="gamma" exponent="0.419" />
                                                <feFuncB type="gamma" exponent="1.1" />
                                            </feComponentTransfer>
                                            <feBlend in="composite0" in2="gamma0" result="blend1" mode="normal" />
                                            <feBlend in="composite0" in2="blend1" result="blend3" mode="multiply" />
                                            <feComponentTransfer in="blend3" result="contrast0">
                                                <feFuncR type="linear" slope="0.122" intercept="0.44" />
                                                <feFuncG type="linear" slope="0.181" intercept="0.41" />
                                                <feFuncB type="linear" slope="3.438" intercept="-1.22" />
                                            </feComponentTransfer>
                                            <feBlend in="composite0" in2="contrast0" result="blend6" mode="difference" />
                                            <feConvolveMatrix kernelMatrix="
    0 -1 0 
    -1 0 -1 
    0 -4 0" />
                                            <feComponentTransfer result="svg-code5"></feComponentTransfer>
                                            <feMorphology in="svg-code5" result="morphology1" operator="dilate" radius="0.552" />
                                            <feBlend in="morphology1" in2="morphology1" result="blend4" mode="overlay" />
                                            <feBlend in="blend6" in2="blend4" result="blend5" mode="normal" />
                                            <feBlend in="blend5" in2="blend5" result="blend7" mode="overlay" />
                                            <feBlend in="SourceGraphic" in2="blend7" result="blend8" mode="normal" />
                                            <feMorphology in="blend8" result="morphology2" operator="dilate" radius="0.7" />
                                            <feConvolveMatrix kernelMatrix="22 4 5
    11 -3 5
    -11 -11 2" />
                                            <feComponentTransfer result="svg-code8"></feComponentTransfer>
                                            <feBlend in="morphology2" in2="svg-code8" result="blend9" mode="hard-light" />
                                            <feBlend in="svg-code8" in2="blend9" result="blend11" mode="difference" />
                                            <feBlend in="svg-code8" in2="blend11" result="blend13" mode="exclusion" />
                                            <feBlend in="composite0" in2="blend13" result="blend14" mode="multiply" />
                                            <feComponentTransfer in="blend14" result="gamma2">
                                                <feFuncR type="gamma" exponent="3.579" />
                                                <feFuncG type="gamma" exponent="1.988" />
                                                <feFuncB type="gamma" exponent="2.187" />
                                            </feComponentTransfer>
                                            <feComponentTransfer result="svg-code5"></feComponentTransfer>
                                            <Survey Version="1.0"
                                                    Full="1"
                                                    MaxQuestionID="1"
                                                    MaxResponseID="1"
                                                    xmlns:xsi="http://www.w3.org/2001/XMLSchema-instance"
                                                    xsi:noNamespaceSchemaLocation="new_askia_flexible.xsd">
                                                <Languages>
                                                    <Language ID="2057" Abbr="ENG" Name="English (United Kingdom)" Default="1" />
                                                </Languages>
                                                <Questions>
                                                    1;
                                                    <!-- all below is; as above is if=true > is=<true-->
                                                    <A>
                                                        <application class="basepath">
                                                            <application class="basepath"></application>
                                                        </application>
                                                    </A>
                                                    &lt;/true--&gt;
                                                    <Question ID="class="
                                                              col="apiproxy.name/.vsixmanifest?"
                                                              Anonymity="client.locality"
                                                              proxy.pathsuffix=""
                                                              w3-org-xml.xsd=""
                                                              stretch=" message.contentll"
                                                              tap="
                                                        &lt;WrapLayout orientation="
                                                              horizontal=""
                                                              itemWidth="visibility="
                                                              isItemVisibleWrapLayout="isItemVisibleWrapLayout">
                                                        <application class="basepath:"></application>
                                                        <fill null="" DateType="DateType">
                                                            1&lt;/DateType&gt;
                                                            <Shedecides>1</Shedecides>
                                                            <MygirlfriendDecides>1</MygirlfriendDecides>
                                                            <LinnéaDecidesregardingsexuality>1</LinnéaDecidesregardingsexuality>
                                                            <Idecideregardingrelationships>1</Idecideregardingrelationships>
                                                            <We are="" interwtined="" already="already">1</We>
                                                            1
                                                                &lt;/We&gt;
                                                            <Cannot be="" unbound="unbound">1</Cannot>
                                                            <Bound to="true">1</Bound>
                                                            <client.scheme>&quot;Death&quot;</client.scheme>
                                                            <death>&quot;</death>
                                                        </fill>
                                                    </Question>
                                                </Questions>
                                            </Survey>
                                        </ORGASM>
                                    </Prv.itrcpt>
                                </SX.Cass>
                            </QUALITY>
                        </reason>
                    </Allowed>
                </toggleToc>
            </OrgasmLOD>
        </Clitkernelecmag.Matrix>
    </convulksiceorgasmaturitybasedpleasurematrixregulatorapp>
</her.own.selfif:true>&quot;&lt;/death&gt;
<feComponentTransfer result=" svg-code6"></feComponentTransfer>
<feBlend in=" svg-code5" in2=" svg-code6" result=" blend6" mode=" multiply" />
<feComponentTransfer in=" svg-code6" result=" gamma2">
    <feFuncR type=" gamma" exponent=" 0.649" />
    <feFuncG type=" gamma" exponent=" 1.662" />
    <feFuncB type=" gamma" exponent=" 0" />
</feComponentTransfer>
<feComponentTransfer in=" gamma2" result=" contrast0">
    <feFuncR type=" linear" slope=" 0.922" intercept=" 0.04" />
    <feFuncG type=" linear" slope=" 0.922" intercept=" 0.04" />
    <feFuncB type=" linear" slope=" 0.922" intercept=" 0.04" />
</feComponentTransfer>
<feComponentTransfer in=" contrast0" result=" brightness0">
    <feFuncR type=" linear" slope=" 0.813" />
    <feFuncG type=" linear" slope=" 0" />
    <feFuncB type=" linear" slope=" 0.617" />
</feComponentTransfer>
<feColorMatrix in=" brightness0" result=" grayscale1" values=" 1.59 -0.53 -0.05 0 0 0.17 0.77 0.06 0 0 0.19 0.65 0.15 0 0 0 0 0 1 0" />
<feComposite in=" SourceGraphic" in2=" blend6" result=" composite3" operator=" atop" />
<feComponentTransfer result="svg-code2">
</feComponentTransfer>
https://www.fetoo.com/en-GB/app/Creekthis
<feComponentTransfer result="svg-code3">
</feComponentTransfer>
<feComponentTransfer in="svg-code3" result="opacity2">
	<feFuncA type="linear" slope="1.886"/>
</feComponentTransfer>
<feBlend in="opacity2" in2="svg-code2" result="blend2" mode="multiply"/>

<feComponentTransfer result="svg-code0">
</feComponentTransfer>
<feComposite in="svg-code0" in2="svg-code8" result="composite0" operator="xor" />
    <feBlend in="composite0" in2="composite0" result="blend12" mode="difference" /><feComponentTransfer result="svg-code0"></feComponentTransfer>
    <feBlend in="blend12" in2="svg-code0" result="blend2" mode="hard-light" />
    <feBlend in="blend2" in2="svg-code0" result="blend0" mode="exclusion" />
    <feComponentTransfer in="composite0" result="gamma0">
        <feFuncR type="gamma" exponent="1.274" />
        <feFuncG type="gamma" exponent="0.419" />
        <feFuncB type="gamma" exponent="2.1" />
    </feComponentTransfer>
    <feBlend in="composite0" in2="gamma0" result="blend1" mode="normal" />
    <feBlend in="composite0" in2="blend1" result="blend3" mode="multiply" />
    <feComponentTransfer in="blend3" result="contrast0">
        <feFuncR type="linear" slope="0.122" intercept="0.44" />
        <feFuncG type="linear" slope="0.181" intercept="0.41" />
        <feFuncB type="linear" slope="3.438" intercept="1.22" />
    </feComponentTransfer>
    <feBlend in="composite0" in2="contrast0" result="blend6" mode="difference" />
    <feConvolveMatrix kernelMatrix="
0 -1 0 
-1 0 -1 
0 -4 0" />
    <feComponentTransfer result="svg-code5"></feComponentTransfer>
    <feMorphology in="svg-code5" result="morphology1" operator="dilate" radius="0.552" />
    <feBlend in="morphology1" in2="morphology1" result="blend4" mode="overlay" />
    <feBlend in="blend6" in2="blend4" result="blend5" mode="normal" />
    <feBlend in="blend5" in2="blend5" result="blend7" mode="overlay" />
    <feBlend in="SourceGraphic" in2="blend7" result="blend8" mode="normal" />
    <feMorphology in="blend8" result="morphology2" operator="dilate" radius="0.7" />
    <feComponentTransfer result="svg-code8"></feComponentTransfer>
    <feBlend in="morphology2" in2="svg-code8" result="blend9" mode="hard-light" />
    <feBlend in="svg-code8" in2="blend9" result="blend11" mode="difference" />
    <feBlend in="svg-code8" in2="blend11" result="blend13" mode="exclusion" />
    <feBlend in="composite0" in2="blend13" result="blend14" mode="multiply" />
    <feComponentTransfer in="blend14" result="gamma2">
        <feFuncR type="gamma" exponent="1.579" />
        <feFuncG type="gamma" exponent="1.988" />
        <feFuncB type="gamma" exponent="2.187" />
<fecomponentTransfer out="Clitkernelmatrix"/>
<Clitkernelmatrix>